"id,nome,cpf,idade"
"1,Ana Carolina Silva,111.222.333-44,28"
"2,Bruno Oliveira Santos,222.333.444-55,35"
"3,Carla Pereira Souza,333.444.555-66,42"
"4,Daniel Almeida Costa,444.555.666-77,31"
"5,Elaine Ribeiro Martins,555.666.777-88,26"
"6,Fábio Gonçalves Lima,666.777.888-99,39"
"7,Gabriela Fernandes Rocha,777.888.999-00,45"
"8,Henrique Castro Alves,888.999.000-11,22"
"9,Isabela Nunes Cardoso,999.000.111-22,33"
"10,João Pedro Mendes Dias,000.111.222-33,29"
"11,Karina Teixeira Freitas,111.222.333-55,37"
"12,Leandro Campos Monteiro,222.333.444-66,41"
"13,Marcela Barbosa Andrade,333.444.555-77,24"
"14,Nathan Lopes Carvalho,444.555.666-88,30"
"15,Olívia Moreira Pires,555.666.777-99,27"
"16,Paulo César Araújo Melo,666.777.888-00,48"
"17,Quésia Duarte Ferreira,777.888.999-11,36"
"18,Rafaela Cunha Neves,888.999.000-22,43"
"19,Sérgio Vasconcelos Rios,999.000.111-33,25"
"20,Tatiana Miranda Farias,000.111.222-44,32"
"21,Ulisses Martins Ramos,111.222.333-66,38"
"22,Vanessa Costa Lira,222.333.444-77,29"
"23,William Neto Duarte,333.444.555-88,44"
"24,Ximena Santos Pereira,444.555.666-99,23"
"25,Yago Oliveira Souza,555.666.777-00,31"
"26,Zélia Almeida Gonçalves,666.777.888-11,40"
"27,Alice Ribeiro Fernandes,777.888.999-22,28"
"28,Bernardo Castro Nunes,888.999.000-33,35"
"29,Cecília Cardoso Teixeira,999.000.111-44,42"
"30,Davi Mendes Campos,000.111.222-55,26"
"31,Elisa Monteiro Barbosa,111.222.333-77,39"
"32,Felipe Andrade Lopes,222.333.444-88,45"
"33,Giovana Carvalho Moreira,333.444.555-99,22"
"34,Heitor Pires Araújo,444.555.666-00,33"
"35,Iara Melo Duarte,555.666.777-11,29"
"36,Júlio Ferreira Cunha,666.777.888-22,37"
"37,Larissa Neves Vasconcelos,777.888.999-33,41"
"38,Mateus Rios Miranda,888.999.000-44,24"
"39,Nina Farias Martins,999.000.111-55,30"
"40,Oscar Ramos Costa,000.111.222-66,27"
"41,Pietra Lira Neto,111.222.333-88,48"
"42,Quirino Duarte Santos,222.333.444-99,36"
"43,Rosa Pereira Oliveira,333.444.555-00,43"
"44,Sávio Souza Almeida,444.555.666-11,25"
"45,Teresa Gonçalves Ribeiro,555.666.777-22,32"
"46,Uriel Fernandes Castro,666.777.888-33,38"
"47,Valentina Nunes Cardoso,777.888.999-44,29"
"48,Wagner Teixeira Mendes,888.999.000-55,44"
"49,Xavier Campos Monteiro,999.000.111-66,23"
"50,Yasmin Barbosa Andrade,000.111.222-77,31"
"51,Zacarias Lopes Carvalho,111.222.333-99,40"
"52,Amélia Moreira Pires,222.333.444-00,28"
"53,Bento Araújo Melo,333.444.555-11,35"
"54,Clara Duarte Ferreira,444.555.666-22,42"
"55,Dante Cunha Neves,555.666.777-33,26"
