"id,descricao,categoria,preco_unitario"
"1,Café Expresso 50ml,Bebidas,5.00"
"2,Café Expresso Duplo 100ml,Bebidas,8.50"
"3,Café com Leite 200ml,Bebidas,7.00"
"4,Cappuccino 200ml,Bebidas,10.00"
"5,Latte 250ml,Bebidas,12.00"
"6,Mocha 250ml,Bebidas,13.50"
"7,Macchiato 150ml,Bebidas,9.00"
"8,Água Mineral 500ml,Bebidas,3.50"
"9,Suco Natural 300ml,Bebidas,8.00"
"10,Refrigerante Lata 350ml,Bebidas,6.00"
"11,Pão de Queijo,Pães e Salgados,4.50"
"12,Croissant,Pães e Salgados,6.00"
"13,Bolo de Fubá,Doces,7.50"
"14,Bolo de Cenoura,Doces,8.00"
"15,Brigadeiro (unidade),Doces,2.50"
"16,Beijinho (unidade),Doces,2.50"
"17,Torta de Limão,Doces,12.00"
"18,Torta de Chocolate,Doces,12.00"
"19,Cookie (unidade),Doces,4.00"
"20,Donut,Doces,6.50"
"21,Café em Grãos 250g,Café para levar,25.00"
"22,Café Moído 250g,Café para levar,22.00"
"23,Café em Cápsulas (10 unidades),Café para levar,30.00"
"24,Caneca Personalizada,Merchandising,35.00"
"25,Xícara de Porcelana,Merchandising,28.00"
"26,French Press 350ml,Merchandising,120.00"
"27,Cafeteira Italiana,Merchandising,85.00"
"28,Kit Presente Café Especial,Kits,75.00"
"29,Sanduíche Natural,Lanches,15.00"
"30,Salada de Frutas,Lanches,10.00"
"31,Tapioca Recheada,Lanches,12.00"
"32,Wrap de Frango,Lanches,16.00"
"33,Quiche Lorraine,Lanches,14.00"
"34,Empada de Palmito,Lanches,5.00"
"35,Coxinha,Lanches,5.00"
"36,Risole,Lanches,4.50"
"37,Enroladinho de Salsicha,Lanches,4.00"
"38,Pastel Assado,Lanches,6.00"
"39,Pão de Mel,Doces,7.00"
"40,Brownie,Doces,8.50"
"41,Cheesecake,Doces,14.00"
"42,Mousse de Chocolate,Doces,10.00"
"43,Pudim de Leite,Doces,9.00"
"44,Trufa de Chocolate,Doces,3.50"
"45,Chá Verde 300ml,Bebidas,7.50"
"46,Chá de Camomila 300ml,Bebidas,7.50"
"47,Chá de Hortelã 300ml,Bebidas,7.50"
"48,Chocolate Quente 250ml,Bebidas,10.00"
"49,Leite com Chocolate 250ml,Bebidas,8.00"
"50,Achocolatado 250ml,Bebidas,8.00"
"51,Café Gelado 300ml,Bebidas,12.00"
"52,Chá Gelado 300ml,Bebidas,9.00"
"53,Água com Gás 500ml,Bebidas,4.50"
"54,Água de Coco 300ml,Bebidas,7.00"
"55,Energético 250ml,Bebidas,10.00"
"56,Vitamina de Frutas 400ml,Bebidas,14.00"
"57,Smoothie 400ml,Bebidas,15.00"
"58,Panqueca Doce,Doces,12.00"
"59,Waffle,Doces,13.00"
"60,Crepe,Doces,14.00"
