"id,nome,cidade,estado"
"1,CB Centro Histórico,Belo Horizonte,MG"
"2,CB Avenida Paulista,São Paulo,SP"
"3,CB Copacabana,Rio de Janeiro,RJ"
"4,CB Moinhos de Vento,Porto Alegre,RS"
"5,CB Pelourinho,Salvador,BA"
"6,CB Boa Viagem,Recife,PE"
"7,CB Beira-Mar,Florianópolis,SC"
"8,CB Batel,Curitiba,PR"
"9,CB Setor Bueno,Goiânia,GO"
"10,CB Beira-Mar,Fortaleza,CE"
"11,CB Savassi,Belo Horizonte,MG"
"12,CB Jardins,São Paulo,SP"
"13,CB Ipanema,Rio de Janeiro,RJ"
"14,CB Menino Deus,Porto Alegre,RS"
"15,CB Rio Vermelho,Salvador,BA"
"16,CB Casa Forte,Recife,PE"
"17,CB Lagoa da Conceição,Florianópolis,SC"
"18,CB Cabral,Curitiba,PR"
"19,CB Marista,Goiânia,GO"
"20,CB Aldeota,Fortaleza,CE"
"21,CB Express Pampulha,Belo Horizonte,MG"
"22,CB Express Pinheiros,São Paulo,SP"
"23,CB Express Barra,Rio de Janeiro,RJ"
"24,CB Express Centro Histórico,Porto Alegre,RS"
"25,CB Express Pituba,Salvador,BA"
"26,CB Express Derby,Recife,PE"
"27,CB Express Centro,Florianópolis,SC"
"28,CB Express Centro Cívico,Curitiba,PR"
"29,CB Express Sul,Goiânia,GO"
"30,CB Express Papicu,Fortaleza,CE"
"31,CB Premium Lourdes,Belo Horizonte,MG"
"32,CB Premium Itaim,São Paulo,SP"
"33,CB Premium Leblon,Rio de Janeiro,RJ"
"34,CB Premium Três Figueiras,Porto Alegre,RS"
"35,CB Premium Vitória,Salvador,BA"
"36,CB Premium Boa Viagem,Recife,PE"
"37,CB Premium Jurerê,Florianópolis,SC"
"38,CB Premium Água Verde,Curitiba,PR"
"39,CB Premium Oeste,Goiânia,GO"
"40,CB Premium Meireles,Fortaleza,CE"
"41,CB Tradicional Santa Tereza,Belo Horizonte,MG"
"42,CB Tradicional Bela Vista,São Paulo,SP"
"43,CB Tradicional Santa Teresa,Rio de Janeiro,RJ"
"44,CB Tradicional Cidade Baixa,Porto Alegre,RS"
"45,CB Tradicional Santo Antônio,Salvador,BA"
"46,CB Tradicional Graças,Recife,PE"
"47,CB Tradicional Trindade,Florianópolis,SC"
"48,CB Tradicional Bigorrilho,Curitiba,PR"
"49,CB Tradicional Campinas,Goiânia,GO"
"50,CB Tradicional Benfica,Fortaleza,CE"
"51,CB Especial Sion,Belo Horizonte,MG"
"52,CB Especial Higienópolis,São Paulo,SP"
"53,CB Especial Gávea,Rio de Janeiro,RJ"
"54,CB Especial Bom Fim,Porto Alegre,RS"
"55,CB Especial Barra,Salvador,BA"
"56,CB Especial Parnamirim,Recife,PE"
"57,CB Especial Canasvieiras,Florianópolis,SC"
"58,CB Especial Ecoville,Curitiba,PR"
"59,CB Especial Jardim Goiás,Goiânia,GO"
"60,CB Especial Praia de Iracema,Fortaleza,CE"
