"id,nome,cpf,cargo"
"1,João Silva,123.456.789-01,Barista"
"2,Maria Oliveira,234.567.890-12,Barista"
"3,Carlos Souza,345.678.901-23,Barista"
"4,Ana Pereira,456.789.012-34,Barista"
"5,Pedro Santos,567.890.123-45,Barista"
"6,Juliana Costa,678.901.234-56,Barista"
"7,Lucas Fernandes,789.012.345-67,Barista"
"8,Patrícia Alves,890.123.456-78,Barista"
"9,Rafael Lima,901.234.567-89,Barista"
"10,Fernanda Rocha,012.345.678-90,Barista"
"11,Rodrigo Martins,123.456.789-02,Gerente"
"12,Amanda Nunes,234.567.890-13,Gerente"
"13,Gustavo Henrique,345.678.901-24,Gerente"
"14,Tatiane Ribeiro,456.789.012-35,Gerente"
"15,Diego Almeida,567.890.123-46,Gerente"
"16,Carolina Castro,678.901.234-57,Gerente"
"17,Vinícius Moura,789.012.345-68,Gerente"
"18,Larissa Gonçalves,890.123.456-79,Gerente"
"19,Roberto Figueiredo,901.234.567-80,Gerente"
"20,Beatriz Cardoso,012.345.678-91,Gerente"
"21,André Luiz,123.456.789-03,Atendente"
"22,Cláudia Mendes,234.567.890-14,Atendente"
"23,Fábio Júnior,345.678.901-25,Atendente"
"24,Daniela Freitas,456.789.012-36,Atendente"
"25,Eduardo Campos,567.890.123-47,Atendente"
"26,Vanessa Souza,678.901.234-58,Atendente"
"27,Leonardo Dias,789.012.345-69,Atendente"
"28,Sandra Monteiro,890.123.456-80,Atendente"
"29,Alexandre Barbosa,901.234.567-81,Atendente"
"30,Mônica Andrade,012.345.678-92,Atendente"
"31,Ricardo Lopes,123.456.789-04,Atendente"
"32,Simone Teixeira,234.567.890-15,Atendente"
"33,Hugo Machado,345.678.901-26,Atendente"
"34,Elaine Correia,456.789.012-37,Atendente"
"35,Paulo César,567.890.123-48,Atendente"
"36,Adriana Moreira,678.901.234-59,Atendente"
"37,Thiago Pires,789.012.345-70,Atendente"
"38,Luana Carvalho,890.123.456-81,Atendente"
"39,Marcelo Araújo,901.234.567-82,Atendente"
"40,Renata Melo,012.345.678-93,Atendente"
"41,José Carlos,123.456.789-05,Atendente"
"42,Rosângela Santos,234.567.890-16,Atendente"
"43,Felipe Oliveira,345.678.901-27,Atendente"
"44,Cristina Ramos,456.789.012-38,Atendente"
"45,Wilson Ferreira,567.890.123-49,Atendente"
"46,Márcia Lira,678.901.234-60,Atendente"
"47,Antônio Neto,789.012.345-71,Atendente"
"48,Regina Duarte,890.123.456-82,Atendente"
"49,Francisco Costa,901.234.567-83,Atendente"
"50,Sueli Pereira,012.345.678-94,Atendente"
"51,Otávio Miranda,123.456.789-06,Atendente"
"52,Luciana Farias,234.567.890-17,Atendente"
"53,Rogério Martins,345.678.901-28,Atendente"
"54,Isabela Cunha,456.789.012-39,Atendente"
"55,Artur Neves,567.890.123-50,Atendente"
"56,Helena Vasconcelos,678.901.234-61,Atendente"
"57,César Augusto,789.012.345-72,Atendente"
"58,Yasmin Ferreira,890.123.456-83,Atendente"
"59,Bruno Rios,901.234.567-84,Atendente"
"60,Débora Melo,012.345.678-95,Atendente"
